Abbotsham,Abdiel,Abeille,Abelard,Abelia,Abercrombie,Aberdare,Aberdeen,Aberford,Aberfoyle,Abergavenny,Abigail,Abingdon,Abondance,Aboukir,Abraham,Abrams Offering,Abundance,Abyssinia,Acacia,Acadia,Acanthus,Acasta,Ace,Acertif,Achates,Acheron,Achille,Achilles,Aconite,Acorn,Actaeon,Actaeon,Acteon,Actif,Active,Activity,Acute,Adam & Eve,Adamant,Adamant,Adda,Adder,Adelaide,Adept,Adjutant,Admirable,Admiralty,Adonis,Adur,Advantage,Advantagia,Adventure,Adventuress,Adversary,Advice,Adviser,Aegusa,Aeneas,Aeolus,Aetna,Affleck,Affray,Africa,Africaine,Afridi,Afrikander,Afrikander,Agamemnon,Agate,Agatha,Aggressor,Agile,Agincourt,Aglaia,Aid,Aigle,Aimable,Aimwell,Ainthorpe,Aire,Airedale,Aisne,Ajax,Ajdaha,Akbar,Akers,Alaart,Alacrity,Aladdin,Alamein,Alaric,Alarm,Alarm,Alaunia,Alaunia,Albacore,Alban,Albanaise,Albany,Albatross,Albemarle,Albert,Alberta,Albion,Albion,Albion,Albrighton,Albuera,Albury,Alca,Alcantara,Alcaston,Alceste,Alcestis,Alcide,Alcmene,Aldborough,Aldenham,Alderney,Aldgate,Aldington,Alecto,Alert,Alerte,Alexander,Alexandra,Alexandre,Alexandria,Alfred,Alfreda,Alfriston,Algerine,Algiers,Alice,Alice & Francis,Alisma,Alkmaar,Allart,Allegiance,Allepin,Alliance,Alligator,Almanzora,Alonzo,Alouette,Alphea,Alpheus,Alresford,Alsatian,Alsey,Altais,Altham,Alton,Alverton,Alvinia,Alynbank,Alyssum,Amalthaea,Amaranthe,Amaranthus,Amaryllis,Amazon,Ambassador,Amberwitch,Ambleside,Amboyna,Ambrose,Ambuscade,Ambush,Ameer,Amelia,America,Amersham,Amerton,Amethyst,Amethyst,Amfitrite,Amitie,Amity,Amokura,Ampere,Amphion,Amphitrite,Amsterdam,Amy,Anacreon,Anaconda,Anchorite,Anchusa,Andania,Andes,Andrew,Andromache,Andromeda,Anemone,Angel,Angelica,Angler,Anglesea,Anglesey,Anglia,Angora,Anguilla,Anking,Ann,Ann & Christopher,Ann & Judith,Anna,Anna Maria,Anna Teresa,Annan,Annapolis,Anne,Annet,Anson,Answer,Ant,Antaeus,Antagonist,Antares,Antelope,Anthony,Antigua,Antrim,Antwerp,Anzac,Anzio,Apelles,Aphis,Aphrodite,Apollo,Appledore,Appleton,Approach,Aquarius,Aquilon,Arab,Arabis,Arachne,Aragonite,Arawa,Araxes,Arbella,Arbiter,Arbroath,Arbuthnot,Arbutus,Arcadian,Arc-en-Ciel,Archer,Arcturus,Ard Patrick,Ardent,Ardrossan,Arethusa,Arethuse,Argenta,Argo,Argon,Argonaut,Argosy,Argus,Argyll,Ariadne,Ariel,Aries,Ariguani,Ark Royal,Arlingham,Armada,Armeria,Armide,Arno,Arnprior,Aro,Arpha,Arras,Arrernte,Arrogant,Arrogante,Arromanches,Arrow,Arrowhead,Artemis,Artful,Artifex,Artigo,Artois,Arun,Arundel,Arve Princen,Ascension,Ascot,Asgard,Ashanti,Ashburton,Asheldham,Ashton,Asia,Asp,Asperity,Asphodel,Assam,Assault,Assaye,Assiduous,Assistance,Assistant,Association,Assurance,Astarte,Aster,Aster,Astraea,Astrea,Astree,Astronomer,Asturias,Astute,Atalanta,Atalante,Atheling,Atheleney,Athene,Athenian,Athenien,Athenienne,Atherstone,Athlete,Atholl,Atlantis,Atlas,Attack,Attacker,Attentive,Aubrietia,Auckland,Audacieux,Audacious,Audacity,Augusta,Auguste,Augustine,Augustus,Auricula,Auriga,Aurochs,Aurora,Aurore,Ausonia,Austere,Australia,Autocarrier,Autumn,Aveley,Avenger,Aventurier,Avernus,Avon,Awake,Awe,Axford,Aylmer,Ayrshire,Azalea,Azov,Aztec,Babet,Bacchante,Bacchus,Bachaquero,Badger,Badminton,Badora,Badsworth,Bagshot,Bahama,Bahamas,Bala,Baleine,Balfour,Balgay,Ballahoo,Ballahou,Ballarat,Ballinderry,Balm,Balsam,Baltic,Baltimore,Ban Whatt Hin,Banbury,Banchory,Banff,Bangor,Banka,Bann,Banshee,Banterer,Bantry,Bantum,Barbadoes,Barbadoes Merchant,Barbados,Barbara,Barbara Robertson,Barbette,Barbuda,Barcross,Barfleur,Barham,Barle,Barlight,Barnstaple,Barossa,Barracouta,Barrington,Barrosa,Basilisk,Basing,Bassingham,Bastion,Bat,Batavia,Bath,Bathgate,Bathurst,Batman,Battle,Battleaxe,Battler,Bayano,Bayfield,Bayonet,Bayntun,Bazely,Beachampton,Beacon,Beagle,Bear,Beatrice,Beatty,Beaufort,Beaulieu,Beauly,Beauly Firth,Beaumaris,Beaumont,Beaver,Beccles,Beckford,Beckwith,Bedale,Bedford,Bedham,Bedouin,Bee,Beehive,Beelzebub,Begonia,Begum,Belem,Belette,Belfast,Belize,Belle Poule,Belleisle,Bellerophon,Belliqueux,Bellisarius,Bellona,Bellwort,Belmont,Belton,Belvidera,Belvoir,Belzebub,Ben Lomond,Ben Meidie,Ben Nevis,Benbow,Bend Or,Bendigo,Bengal,Benjamin,Benjamin & Ann,Ben-my-Chree,Bentinck,Bentley,Berberis,Berbice,Beresford,Bergamot,Bergere,Berkeley,Bermuda,Berry,Berwick,Beryl,Beschermer,Betony,Betty,Beverley,Bevington,Bezan,Bhamo,Biarritz,Bicester,Bickerton,Bickington,Biddeford,Bideford,Bienfaisant,Bihar,Bildeston,Bilsthorpe,Bird,Birdham,Birkenhead,Birmingham,Bisham,Biter,Bittern,Bittersweet,Black,Black Bear,Black Bull,Black Dog,Black Eagle,Black Joke,Black Posthorse,Black Prince,Black Spread-Eagle,Black Swan,Blackburn,Blackcock,Blackfly,Blackmore,Blackmore Ketch,Blackmore Lady,Blackmorevale,Blackpool,Blackwall,Blackwater,Blackwood,Blade,Blake,Blakeney,Blanche,Blandford,Blankney,Blast,Blaxton,Blaze,Blean,Bleasdale,Blencathra,Blenheim,Blessing,Blickling,Bligh,Blonde,Bloodhound,Bloom,Blosse Lynch,Blossom,Bluebell,Blyth,Boadicea,Boadicea,Bodenham,Bold,Bolebroke,Bolton,Bombay,Boomerang,Bonaventure,Bonavoila,Bonetta,Bonita,Bonito,Bootle,Borage,Borde,Border,Borealis,Boreas,Boreham,Borer,Borodino,Boscawen,Boscawen,Boscawen,Bossington,Boston,Bostonian,Botha,Bottisham,Bouclier,Boulogne,Boulston,Bouncer,Bountiful,Bounty,Bourbonnaise,Bourdelais,Boxer,Boyne,Braak,Braave,Bradfield,Bradford,Braid,Braithwaite,Brakel,Bramble,Bramham,Branlebas,Brantingham,Brave,Bravo,Brayford,Brazen,Bream,Brearley,Brecon,Breconshire,Breda,Brenchley,Brereton,Brev Drageren,Brevdrageren,Briar,Bridgewater,Bridlington,Bridport,Brigadier,Brigandine,Brigantine,Brigham,Brighton,Brighton Belle,Brighton Queen,Brilliant,Brinkley,Brinton,Briseis,Brisk,Brissenden,Bristol,Britannia,Britannic,Britomart,Briton,Brixham,Broederschap,Broadley,Broadsword,Broadwater,Broadway,Brock,Brocklesby,Broke,Brolga,Bronington,Broom,Broome,Broomley,Brothers,Bruce,Bruiser,Brune,Brunswick,Brutus,Bryansford,Bryony,Bucephalus,Buchan Ness,Buck,Buckie,Buckingham,Bucklesham,Buddleia,Bude,Buffalo,Bugloss,Bull,Bulldog,Bullen,Bullfinch,Bullfrog,Bullhead,Bullrush,Bulolo,Bulrush,Bulwark,Burchett,Burdock,Burford,Burges,Burgonet,Burley,Burlington,Burnaston,Burnet,Burnham,Burnie,Burslem,Burton,Burwell,Bury,Buss,Bustard,Bustler,Busy,Buttercup,Butterfly,Buttington,Buttress,Buxton,Buzzard,Byard,Byron,Cabot,Cacafogo,Cachalot,Caddisfly,Cadiz,Cadmus,Caduceus,Caerleon,Caesar,Caesarea,Caicos,Cairns,Cairo,Calabash,Calanthe,Calcutta,Calder,Caldwell,Caledon,Caledonia,Calendula,Calgarian,California,Calista,Calliope,Calpe,Calton,Calypso,Calyx,Cam,Camberford,Camberley,Cambria,Cambrian,Cambridge,Cambridgeshire,Camel,Cameleon,Camelion,Camellia,Cameron,Cameronia,Camilla,Camito,Campania,Campanula,Campbell,Campbeltown,Camperdown,Camphaan,Campion,Canada,Canceaux,Candytuft,Canning,Canopus,Canso,Canterburg,Canterbury,Capel,Capelin,Capetown,Caprice,Capricornus,Captain,Captivity,Caradoc,Caraquet,Carcass,Cardiff,Cardingham,Careful,Carhampton,Caribbean,Carlisle,Carlotta,Carmania,Carmen,Carnarvon,Carnatic,Carnation,Carolina,Caroline,Caronia,Carrere,Carrick,Carrier,Carrigaline,Carron,Carronade,Carry On,Carstairs,Carthage,Cartier,Carysfort,Cashel,Cassandra,Cassius,Castilian,Castle,Castle Harbour,Castlereagh,Castleton,Castor,Cat,Catania,Caterham,Cathay,Catherine,Cato,Caton,Catterick,Cattistock,Caunton,Cauvery,Cavalier,Cavan,Cavendish,Cavina,Cawsand,Cayman,Cayton Wyke,Ceanothus,Cedric,Celandine,Celebes,Celerity,Celia,Celt,Celtic,Censeur,Censor,Centaur,Centurion,Cephalus,Cerbere,Cerberus,Ceres,Cerf,Cesar,Cessnock,Ceto,Ceylon,Chailey,Chakdina,Chakla,Challenger,Chameleon,Chamois,Champion,Chance,Changuinola,Chantala,Chanticleer,Chaplet,Charde,Charger,Charity,Charles,Charlestown,Charlock,Charlotte,Charon,Charwell,Charybdis,Chaser,Chasseur,Chatham,Chatsgrove,Chawton,Cheam,Chediston,Cheerful,Cheerly,Chelmer,Chelmsford,Chelsea,Chelsham,Cheltenham,Chengteh,Chepstow,Chequers,Cheriton,Cherokee,Cherub,Charwell,Cherwell,Chesapeake,Cheshire,Chester,Chesterfield,Chestnut,Cheviot,Chevreuil,Chevron,Chichester,Chiddingfold,Chieftain,Chilcompton,Childers,Childs Play,Chillingham,Chilton,China,Chippeway,Chitral,Chivalrous,Cholmondeley,Christ,Christine Rose,Christopher,Chrysanthemum,Chub,Chubb,Church,Churchill,Cicala,Cicero,Cilicia,Circassia,Circassian,Circe,Citadel,Clacton,Clara,Clarbeston,Clare,Clarence,Clarkia,Claudia,Claverhouse,Claymore,Cleethorpes,Clematis,Clementina,Cleopatra,Cleveland,Clifton,Clinker,Clinton,Clio,Clive,Clonmel,Clorinde,Clove Tree,Clovelly,Cloughton Wyke,Clover,Clown,Clyde,Clydebank,Cobbers,Cobham,Cobra,Cochin,Cochrane,Cockade,Cockatrice,Cockburn,Cockchafer,Cocker,Cocksedge,Codrington,Colchester,Colibri,Colleen,Collingwood,Collinson,Colne,Colombe,Colombo,Colossus,Coltsfoot,Columbella,Columbia,Columbine,Colwyn,Combatant,Combustion,Comeet,Comet,Comfrey,Commonwealth,Comorin,Comus,Conception,Concord,Concorde,Condor,Confederate,Confiance,Conflagration,Conflict,Confounder,Congo,Coniston,Conn,Conquerant,Conquerante,Conqueror,Conquest,Conquestador,Conquistador,Consort,Constance,Constant,Constant John,Constant Reformation,Constant Warwick,Constitution,Contender,Content,Contest,Convert,Convertine,Convolvulus,Convulsion,Conway,Cook,Cooke,Coote,Copenhagen,Coquette,Coquille,Corbrae,Corburn,Cordelia,Coreopsis,Corfield,Corfu,Coriander,Corinthian,Cormorant,Cornel,Cornelia,Cornelian,Cornflower,Cornwall,Cornwallis,Coromandel,Coronado,Coronation,Corso,Corunna,Corycia,Cosby,Cossack,Cotillion,Cotswold,Cottesmore,Cotton,Coucy,Counterguard,Courageous,Courageux,Courbet,Coureur,Coureuse,Courier,Courser,Coventry,Covina,Cowdray,Cowper,Cowslip,Craccher,Crache-Feu,Cracker,Cradley,Crafty,Craigie,Crane,Cranefly,Cranham,Cranstoun,Crash,Craufurd,Crediton,Creole,Crescent,Cressy,Crested Eagle,Crestflower,Cretan,Crichton,Cricket,Crispin,Crocodile,Crocus,Crofton,Cromarty,Cromer,Cromwell,Croome,Crossbow,Crow,Crown,Crown Malago,Croxton,Crozier,Croziers,Cruelle,Cruiser,Crusader,Crystal,Cuba,Cubitt,Cuckmere,Cuckoo,Cuffley,Cullin Sound,Culloden,Culver,Culverin,Cumberland,Cupar,Cupid,Curacoa,Curieux,Curlew,Curragh,Curzon,Cutlass,Cutter,Cuttle,Cuxton,Cyane,Cybele,Cyclamen,Cyclops,Cydnus,Cygnet,Cymric,Cynthia,Cyrene,Cyrus,Czarevitch,Dacres,Daedalus,Daffodil,Dagger,Dahlia,Dainty,Daisy,Dakins,Dalhousie,Dalrymple,Dalswinton,Dame de Grace,Damerham,Dampier,Danae,Daneman,Dangereuse,Daniel,Dannemark,Danube,Daphne,Dapper,Daring,Darlaston,Darsham,Dart,Dartington,Dartmoor,Dartmouth,Dasher,Date Tree,Dauntless,Dauphin Royal,Davenham,David,Dawlish,De Ruyter,Deale,Deane,Decade,Decibel,Decouverte,Decoy,Dedaigneuse,Dee,Deepwater,Defence,Defender,Defiance,Dego,Delaware,Delft,Delhi,Delight,Deliverance,Delphinen,Delphinium,Delta,Demerara,Demir Hisar,Demon,Dennis,Dependence,Deptford,Derby,Derby Haven,Derbyshire,Derg,Derrington,Dervish,Derwent,Desford,Desire,Desiree,Despatch,Desperante,Desperate,Destiny,Destruction,Determinee,Detroit,Deux Amis,Deux Freres,Devanha,Devastation,Deveron,Devonia,Devonshire,Dexterous,Dextrous,Diable à Quatre,Diadem,Diamond,Diana,Diane,Dianella,Dianthus,Dictator,Dido,Didon,Dieppe,Digby,Diligence,Diligent,Diligente,Dilston,Dingley,Diomede,Dipper,Director,Dirk,Discoverer,Discovery,Disdain,Dispatch,Dittany,Dittisham,Diver,Dixmunde,Dodman Point,Dodo,Dogstar,Dolphin,Dolwen,Domett,Dominica,Dominion,Don,Doncaster,Donegal,Donovan,Doon,Dordrecht,Doris,Dorking,Dornoch,Dorothea,Dorset,Dorsetshire,Doterel,Dotter,Douglas,Dove,Dover,Dovey,Dowgate,Downham,Downley,Dragon,Dragonfly,Drake,Dreadful,Dreadnought,Driver,Drochterland,Dromedary,Dromio,Droxford,Drudge,Druid,Drury,Dryad,Dubford,Dublin,Duchess,Duckworth,Duddon,Due Repulse,Duff,Dufferin,Dufton,Duguay-Trouin,Duke,Duke William,Dullisk Cove,Dulverton,Dumbarton,Dumbleton,Dunbar,Duncan,Dundalk,Dundas,Dundee,Dunedin,Dunera,Dungeness,Dunira,Dunkerton,Dunkirk,Dunmore,Dunoon,Dunwich,Duplex,Duquesne,Durban,Durham,Durweston,Dusky Queen,Duthies,Dwarf,Eagle,Eagle Shallop,Eaglet,Earl,Earl Roberts,Earnest,Eastbourne,Easton,Eastway,Ebani,Echo,Eclair,Eclipse,Edderton,Eden,Edgar,Edgeley,Edinburgh,Edlingham,Edward,Effingham,Egeria,Eggesford,Eglantine,Eglinton,Egmont,Egremont,Egret,Egyptienne,Eideren,Ekins,Eleanor,Electra,Elephant,Elf,Elfin,Elfreda,Elgin,Elias,Eling,Elizabeth,Elizabeth & Sarah,Elizabeth Bonaventure,Elizabeth Jonas,Elk,Ellinor,Ellinore,Elphinstone,Elsenham,Eltham,Elven,Embleton,Emerald,Emersham,Emilia,Emilien,Emily,Emperor,Empire,Empire Anvil,Empire Arquebus,Empire Audacity,Empire Battleaxe,Empire Broadsword,Empire Cedric,Empire Celtic,Empire Comfort,Empire Crossbow,Empire Cutlass,Empire Cymric,Empire Dace,Empire Gauntlet,Empire Halberd,Empire Javelin,Empire Lance,Empire Mace,Empire Peacemaker,Empire Rapier,Empire Rest,Empire Shelter,Empire Spearhead,Empress,Empress Mary,Empress Queen,Ems,Emsworth,Emulous,Enchantress,Encounter,Endeavour,Endeavour Bark,Endurance,Endymion,Engadine,Engageante,England,Englishman,Enterprise,Enterprize,Entreprenante,Epervier,Ephira,Ephraim,Epinal,Epreuve,Epsom,Erebus,Erica,Eridanus,Eridge,Erin,Erne,Errant,Eruption,Escapade,Escort,Esk,Eskdale,Eskimo,Esperance,Esperanza,Espiegle,Espion,Espoir,Essequibo,Essex,Essex Queen,Essington,Esther,Estridge,Etchingham,Ethalion,Etna,Etrusco,Ettrick,Eugenie,Euphrates,Euphrosyne,Europa,Eurotas,Eurus,Euryalus,Eurydice,Eustatia,Evadne,Evenlode,Everingham,Example,Excalibur,Excellent,Exchange,Exe,Exertion,Exerton,Exeter,Exmoor,Exmouth,Expedition,Experiment,Exploit,Explorer,Explosion,Express,Extravagant,Eyderen,Eyebright,Fagons,Fair Rhodian,Fair Rosamond,Fairfax,Fairfield,Fairlight,Fairy,Fairy Queen,Faislane,Faith,Faithful,Fal,Falcon,Falcon Flyboat,Falcon in the Fetterlock,Falkland,Falmouth,Fama,Fame,Fancy,Fandango,Fanfan,Fanny,Fantome,Fara Numa,Fareham,Farndale,Farragut,Fastnet,Faulknor,Faversham,Favorite,Favourite,Fawkner,Fawn,Fearless,Felicidade,Felicite,Felicity,Felix,Felixstowe,Fellowship,Felmersham,Fencer,Fenella,Fennel,Fenton,Fermoy,Fernie,Feroze,Ferret,Ferreter,Fervent,Feversham,Fidelity,Fidget,Fierce,Fife,Fife Ness,Fifi,Fighter,Fiji,Filey,Finch,Findhorn,Finisterre,Finwhale,Fiona,Fireball,Firebrand,Firedrake,Firefly,Firequeen,Firm,Firme,Fisgard,Fisher Boy,Fisher Girl,Fishguard,Fiskerton,Fittleton,Fitzroy,Flambeau,Flamborough,Flame,Flamer,Flamingo,Flash,Flax,Fleche,Fleetwood,Fleur de la Mer,Fleur de Lys,Flewende Fische,Flight,Flinders,Flint,Flintham,Flirt,Flockton,Flora,Florentina,Florida,Floriston,Florizel,Flotta,Flower de Luce,Fly,Flying Fish,Flying Fox,Flying Greyhound,Foam,Foley,Folkeston,Folkestone,Force,Ford,Forerunner,Fordham,Foresight,Forester,Forfar,Formidable,Forres,Fort Dee,Fort Diamond,Fort Royal,Fort York,Forte,Forth,Fortitude,Fortituud,Fortune,Fortunée,Forward,Foudre,Foudroyant,Fougueux,Fountain,Fowey,Fox,Foxglove,Foxhound,Foyle,Foylebank,Franchise,Francis,Franklin,Fraserburgh,Fratton,Frederick,Frederick William,Frederickstein,Frederickswaern,Freesia,French Ruby,Frere,Frettenham,Freya,Friendship,Friezland,Fritham,Fritillary,Frobisher,Frog,Frolic,Frome,Fubbs,Fuerte,Fuh Wo,Fulmar,Fulminate,Furieuse,Furious,Furnace,Fury,Fuze,Fyen,Fylla,Gabbard,Gabriel,Gabriel Harfleur,Gabriel Royal,Gaddesden,Gadfly,Gadwell,Gael,Gaiete,Gaillarda,Gaillardia,Gainsborough,Gala,Galatea,Galathee,Galgo,Galicia,Gallant,Gallarita,Gallion,Galliot,Galteemore,Gambia,Gamston,Ganges,Gannet,Ganymede,Gardenia,Gardiner,Garland,Garlies,Garnet,Garry,Garth,Gaspee,Gatwick,Gaul,Gauntlet,Gavinton,Gavotte,Gawler,Gay Archer,Gay Bombardier,Gay Bowman,Gay Bruiser,Gay Carabineer,Gay Cavalier,Gay Centurion,Gay Dragoon,Gay Fencer,Gay Forester,Gayundah,Gazelle,Gelykneid,General Abercrombie,General Brackenbury,General Craufurd,General Elles,General Elliot,General Grant,General Monk,General Platt,General Wolfe,Genereux,Genista,Genoa,Gentian,Gentille,George,Georgeham,Georgetown,Georgiana,Geraldton,Geranium,Germaine,Geyser,Ghurka,Giang Bee,Gibraltar,Gier,Gifford,Gift,Gift Minor,Giles,Gilia,Gilliflower,Gipsy,Girdle Ness,Girl Helen,Girl Mary,Gironde,Gladiator,Gladiolus,Glaisdale,Glamorgan,Glasgow,Glasserton,Glassford,Glatton,Gleaner,Glenarm,Glenearn,Glengyle,Glenmore,Glenroy,Glentham,Gloaming,Globe,Gloire,Glommen,Glorieux,Gloriosa,Glorioso,Glorious,Glory,Gloucester,Gloucestershire,Glowworm,Gloxinia,Gluckstadt,Gnat,Go Ahead,Goathland,Godetia,Goelan,Gold Coast,Golden Falcon,Golden Fleece,Golden Horse,Golden Lion,Golden Rose,Goldfinch,Goliath,Good Design,Good Fortune,Good Hope,Good Will,Goodall,Goodgrace,Goodson,Goodwin,Goodwood,Goole,Gordon,Gore,Goree,Gorgon,Gorleston,Goshawk,Gosport,Gossamer,Goulburn,Gould,Gown Hill,Gozo,Grace Dieu,Grace,Gracie Fields,Grafton,Gramont,Grampian,Grampus,Grana,Granado,Grand Turk,Grandmistress,Grangermouth,Granicus,Grantham,Graph,Grappler,Grasshopper,Gravelines,Grayfly,Grays,Great Barbara,Great Bark,Great Elizabeth,Great Harry,Great Nicholas,Great Pinnace,Great Zabra,Greatford,Grecian,Green Linnet,Greenfish,Greenfly,Greenock,Greenwich,Greetham,Grenada,Grenade,Grenado,Grenville,Gretna,Grey Fox,Grey Wolf,Greyfly,Greyhond,Greyhound,Griffin,Griffon,Grimsby,Grindall,Grinder,Griper,Grive,Grouper,Grove,Growler,Guachapin,Guadeloupe,Guardian,Guardland,Guardsman,Guelderland,Guepe,Guernsey,Guerriere,Guildford,Guillemot,Guinea,Guinevere,Gulland,Gulnare,Gurkha,Guysborough,Haddock,Haerlem,Halberd,Halcyon,Haldon,Half Moon,Halifax,Halladale,Halsham,Halstarr,Halstead,Hamadryad,Hambledon,Hampshire,Hampton Court,Handmaid,Handy,Hannam,Hannibal,Happy,Happy Entrance,Happy Ladd,Happy Return,Hardi,Hardinge,Hardy,Hare,Harebell,Harfruen,Hargood,Harland,Harlech,Harlequin,Harman,Harp,Harpenden,Harpham,Harpy,Harrier,Harriot,Harrow,Hart,Hartland,Hartland Point,Hartlepool,Harvester,Harwich,Hastings,Hasty,Hatherleigh,Haughty,Havannah,Havant,Havelock,Haversham,Havick,Havock,Hawk,Hawke,Hawkins,Hawthorn,Haydon,Hayling,Hazard,Hazardous,Hazel,Hazleton,Heartsease,Hearty,Heather,Hebe,Hecate,Hecla,Hector,Heir Apparent,Helder,Helderenberg,Heldin,Helena,Helford,Helicon,Heliotrope,Helmsdale,Helverson,Hemlock,Henrietta,Henrietta Maria,Henry,Henry Grace à Dieu,Hepatica,Herald,Hercules,Hereward,Hermes,Hermione,Hero,Heroine,Heron,Hesper,Hesperus,Hestor,Heureux,Hexham,Hexton,Heythrop,Hibernia,Hibiscus,Hickleton,Highburton,Highflyer,Highlander,Highway,Hilary,Hildersham,Himalaya,Hinchinbrook,Hind,Hindostan,Hindustan,Hinksford,Hippomenes,Hirondelle,Hobart,Hodgeston,Hogue,Holcombe,Holderness,Holdernesse,Holighost,Holigost Spayne,Holigost,Holland,Holly,Hollyhock,Holm Sound,Holmes,Holstein,Honesty,Honeysuckle,Hong Lam,Hood,Hope,Hopewell,Hoptown,Horatio,Hornby,Hornet,Hornpipe,Horseman,Horsleydown,Hoste,Hostile,Hotham,Hotspur,Houghton,Hound,Hoverfly,Hovingham,Howe,Howett,Hubberston,Hugh Lindsay,Hugh Rose,Hughes,Hulvul,Humber,Hunter,Huntley,Huron,Hurricane,Hursley,Hurst,Hurworth,Hussar,Hyacinth,Hyaena,Hyderabad,Hydra,Hydrangea,Hygeia,Hyperion,Hythe,Ibis,Icarus,Icicle,Ickford,Ignition,Ildefonso,Ilex,Ilfracombe,Illustrious,Ilmington,Ilston,Imaum,Immortalite,Imogen,Imogene,Imperial,Imperieuse,Impeteux,Impey,Implacable,Impregnable,Impulsive,Incendiary,Inconstant,Increase,Indefatigable,Independencia,India,Indian,Indignant,Indomitable,Indus,Industry,Infanta Don Carlos,Infanta,Infernal,Inflexible,Inglefield,Inglesham,Inglis,Ingonish,Inman,Insolent,Inspector,Instow,Integrity,Intelligence,Intelligent,Intrepid,Invention,Invermoriston,Inverness,Inverlyon,Investigator,Inveterate,Invicta,Invincible,Iolaire,Iphigenia,Ipswich,Iris,Iron Duke,Iroquois,Irresistible,Irvine,Irwell,Isabella,Isham,Isinglass,Isis,Iskra,Islay,Islip,Ister,Itchen,Ithuriel,Ivanhoe,Iveston,Ivy,Jack,Jack Tar,Jackal,Jackdaw,Jackton,Jaguar,Jahde,Jalouse,Jamaica,James,James & Eliza,James Watt,Jane,Janissary,Janus,Jaseur,Jasmine,Jason,Jasper,Java,Javelin,Jed,Jellicoe,Jemmy,Jennet,Jennet Pyrwin,Jeremiah,Jerfalcon,Jersey,Jersey Hulk,Jervis,Jessamine,Jesus,Jesus & Mary,Jewel,John,John & Alexander,John & Martha,John & Peter,John & Sarah,John Ballinger,John Baptist,John Ebbs,John Evangelist,Johnson,Jolly,Jonquil,Joseph,Joseph Straker,Josiah,Joyful,Jubilant,Julia,Julian,Juliet,Julius,Jumna,Junella,Juniper,Juno,Junon,Jupiter,Juste,Justitia,Jutland,Kale,Kalgoorlie,Kampar,Kandahar,Kangaroo,Karakatta,Karanja,Karrakatta,Kashmir,Katherine,Katherine Bark,Katherine Breton,Katherine Fortileza,Katoomba,Keats,Kedleston,Keith,Kelana,Kellett,Kellington,Kelly,Kelvin,Kemerton,Kempenfelt,Kempthorne,Kempton,Kendal,Kennet,Kennington,Kennymore,Kent,Kentish,Kenya,Keppel,Keren,Kertch,Keryado,Kestrel,Kew,Khartoum,Khedive,Kiawo,Kilbane,Kilbarchan,Kilbeggan,Kilberry,Kilbirnie,Kilbrachan,Kilbride,Kilbrittain,Kilburn,Kilby,Kilcar,Kilcavan,Kilchattan,Kilchreest,Kilchrenan,Kilchvan,Kilclare,Kilcolgan,Kilconnan,Kilconnel,Kilcoole,Kilcornie,Kilcot,Kilcreggan,Killcullen,Kilcurrig,Kildale,Kildarton,Kildary,Kildavin,Kildimo,Kildorough,Kildorry,Kildpart,Kildress,Kildwick,Kilfenora,Kilfinny,Kilfree,Kilfullert,Kilgarvan,Kilglass,Kilgobnet,Kilgowan,Kilham,Kilhampton,Kilkee,Kilkeel,Kilkenny,Kilkenzie,Kilkerrin,Kilkhampton,Killadoon,Killaloo,Killane,Killarney,Killary,Killegan,Killegar,Killena,Killerig,Killiecrankie,Killeney,Killour,Killowen,Killybegs,Killygordon,Kilmacrennan,Kilmaine,Kilmalcolm,Kilmallock,Kilmanahan,Kilmarnock,Kilmartin,Kilmead,Kilmelford,Kilmersdon,Kilmington,Kilmore,Kilmorey,Kilmuckridge,Kilmun,Kimberley,Kincardine,Kingcup,Kingfish,Kingfisher,Kingham,Kingsale,Kingsford,Kingsmill,Kingston,Kingussie,Kinross,Kinsale,Kinsha,Kipling,Kirkliston,Kistna,Kitchen,Kite,Kittiwake,Knole,Kopanes,Kos,Krakowiak,Kronprincen,Kronprincessen,Kudat,Kujawiak,Kung Wo,L'Abondance,Labuan,Laburnum,Lacedaemonian,Lachine,Lachlan,Lachute,Ladas,Ladava,Ladybird,Lae,Laertes,Laforey,Lagan,L'Aglaia,Lal,Laleston,Lalmourn,Lamerton,Lamport,Lanark,Lancaster,Lance,Landguard,Landrail,Land Tortoise,Langport,Lantau,Lanton,Lapwing,Largs,Lark,Larke,Larkspur,Larne,Lasalle,Lasham,Lassoo,Latona,Latrobe,Lauderdale,Launceston,Laura,Laurel,Laurestinus,Lauzon,Lavender,Laverock,Lavinia,Lawford,Lawrence,Lawson,Laymoor,Leamington,Leander,Leaside,Leda,Ledbury,Ledsham,Lee,Leeds,Leeuwin,Legere,Legion,L'Egyptienne,Leicester,Leighton,Leith,Lennox,Lenox,Leocadia,Leonidas,Leopard,Leopard's Whelp,Lethbridge,L'Etoile,Letterston,Levant,Leven,Leveret,Leverton,Leviathan,Levis,Lewes,Lewiston,Leyden,L'Hercule,Li Wo,Liberty,Lichfield,Licorne,Liddesdale,Liffey,Ligaera,Ligonier,Lightfoot,Lightning,Lilac,Lily,Limbourne,L'Impassable,Linaria,Lincoln,L'Incomprise,Lindisfarne,Lindsey,Ling,Linganbar,Lingfield,Linnet,Lion,Lioness,Lion's Whelp,Lisburne,Lismore,Liston,Listowel,Lithgow,Littleham,Lively,Liverpool,Lizard,Llandaff,Llandudno,Llewellyn,Lobelia,Lochinvar,Lochy,Lockeport,Locust,Lofoten,London,Londonderry,Longbow,Longbranch,Longford,Longueuil,Lonsdale,Looe,Lookout,Loosestrife,Loring,Lossie,Lothian,Lotus,Louis,Louisa,Louisburg,Loup Cervier,Louvain,Lowestoffe,Lowestoft,Loyal,Loyal Chancellor,Loyal Example,Loyal Exploit,Loyal Explorer,Loyal Express,Loyal London,Loyal Watcher,Loyalist,Loyalty,Lucia,Lucifer,Ludham,Ludlow,Lullington,Lulworth,Lunenburg,Lupin,Lurcher,Lusitania,Lutin,Lutine,Lychnis,Lydd,Lydiard,Lydney,Lyemun,Lyme,Lyme Regis,Lynn,Lynx,Lyon,Lyra,Lys,Lysander,Macassa,Macduff,Macedonian,Machine,Mackay,Mackerel,Madagascar,Maddiston,Madras,Maeander,Maenad,Maesterland,Magdala,Magdalen,Magic,Magician,Magicienne,Magnanime,Magnet,Magnificent,Magpie,Mahonesa,Mahratta,Maida,Maidstone,Majestic,Makassar,Malabar,Malacca,Malaga Merchant,Malaya,Malcolm,Malham,Malice,Mallard,Mallow,Maloja,Malplaquet,Malta,Malvern,Mamaduke,Mameluke,Manchester,Mandarin,Mandate,Mandrake,Manela,Manica,Manilla,Manly,Manners,Mansfield,Mantis,Manxman,Maori,Maplin,Marathon,Marazion,Marengo,Margaret,Margate,Margett,Marguerite,Maria de Loreto,Maria Sancta,Maria Sandwich,Maria Spayne,Maria,Mariana,Marianne,Marie Antoinette,Marigold,Mariner,Marjoram,Marksman,Marlborough,Marlingford,Marlion,Marlow,Marmion,Marne,Maroon,Marquise de Seignelay,Mars,Marshal Ney,Marshal Soult,Marsouin,Marston Moor,Martah & Mary,Martial,Martin Garcia,Martin,Marvel,Mary,Mary & John,Mary Ann,Mary Antrim,Mary Breton,Mary Flyboat,Mary Fortune,Mary George,Mary Gloria,Mary Grace,Mary Guildford,Mary Hamboro,Mary Hampton,Mary James,Mary Norwell,Mary Odierne,Mary Rose,Mary Thomas,Mary Willoughby,Maryanee,Maryborough,Maryport,Maryton,Mashona,Mason,Mastiff,Matabele,Matane,Matapan,Matchless,Mathias,Matilda,Matthew,Mauritius,Mavourneen,Mawdelyn,Maxton,May Frere,Mayflower,Mayfly,Mayford,Mazurka,Meadowsweet,Mecklenburgh,Meda,Medea,Medee,Mediator,Medina,Mediterranean,Medora,Medusa,Medway,Meeanne,Megaera,Miermen,Melampe,Melampus,Melbreak,Meleager,Melita,Melpomene,Melton,Melville,Memnon,Menace,Menai,Mendip,Menelaus,Menestheus,Mentor,Meon,Mercure,Mercurius,Mercury,Meredith,Merhonour,Merlin,Mermaid,Merope,Merry Hampton,Mersey,Mersham,Messenger,Messina,Meteor,Meteorite,Meynell,Michael,Mickleham,Middlesbrough,Middleton,Midge,Mignonette,Mignonne,Milan,Milbrook,Mileham,Milfoil,Milford,Milne,Mimi,Mimico,Mimosa,Minas,Minden,Mindful,Minehead,Minerva,Minerve,Mingan,Minion,Minnikin,Minorca,Minoru,Minos,Minotaur,Minstrel,Minto,Minuet,Minx,Miramichi,Miranda,Mischief,Misoa,Mississauga,Mistletoe,Mistley,Mistral,Mitchell,Moa,Modbury,Moderate,Modeste,Mohawk,Moira,Monaghan,Monarca,Monarch,Monck,Mondara,Mondovi,Mongoose,Monitor,Monkey,Monkshood,Monkton,Monmouth,Monow,Monowai,Mons,Monsieur,Mont Blanc,Montagu,Montbretia,Montford,Montgomery,Montreal,Montrose,Montserrat,Mooltan,Moon,Moorhen,Moorsom,Moray Firth,Mordaunt,Moresby,Morgiana,Morne Fortunee,Morning Star,Moro,Morris Dance,Morris,Mortar,Mosambique,Moselle,Moslem,Mosquito,Mosquidobit,Moth,Moucheron,Mounsey,Mount Edgcumbe,Mourne,Moy,Moyola,Mulette,Mulgrave,Mull,Mullett,Mullion Cove,Mullion,Munlochy,Munster,Muros,Murray,Musette,Musk,Muskerry,Musket,Musketeer,Mosquidobit,Musquito,Mustico,Mutine,Myngs,Myosotis,Myrmidon,Myrtle,Mystic,Naas,Nabob,Nadder,Nadur,Naiad,Nailsea,Nairana,Namur,Nancy,Nankin,Nantwich,Napier,Narbada,Narbrough,Narcissus,Narvik,Narwhal,Naseby,Nassau,Nasturtium,Natal,Nathaniell,Nautilus,Navarino,Navy Board,Navy,Nazareth,Nearque,Necker,Ned Elvin,Negresse,Negro,Nelson,Nemesis,Nene,Nepal,Nepaulin,Nepean,Nepeta,Neptune,Nerbudda,Nereide,Nereus,Nerissa,Nesbitt,Ness,Nessus,Nestor,Netley,Nettle,Nettlham,New Adventure,New Betsey,New Zealand,Newark,Newash,Newbark,Newbury,Newcastle,Newfoundland,Newhaven,Newmarket,Newport,Newquay,Newton,Neza,Niagara,Nicator,Nicholas Reede,Nicholas,Nicodemus,Niement,Nieuport,Nigella,Niger,Nigeria,Nighthawk,Nightingale,Nijaden,Nilam,Nile,Nimble,Nimrod,Niobe,Nipigon,Nisus,Nith,Nitrocris,Nizam,Noble,Nomad,Nonpareil,Nonsuch,Noranda,Norfolk,Norge,Norman,Norseman,Norsyd,North,North Star,Northampton,Northella,Northern Rover,Northesk,Northolt,Northrepps,Northumbria,Northumberland,Northway,Norwich,Nottingham,Nova Scotia,Nox,Nubian,Nuestra Senora del Rosario,Nugent,Nurton,Nusa,Nyaden,Nyasaland,Nymph,Nymphe,Nymphen,Oak,Oakington,Oakley,Obdurate,Obedient,Oberon,Observateur,Observer,Ocean,Oceanic,Oceanway,Ocelot,Ockham,Octavia,Odiham,Odin,Odzani,Offa,Ogre,Oiseau,Okehampton,Old Francis,Old James,Old Lawrence,Old President,Old Roebuck,Old Success,Old Truelove,Old Warwick,Olive Branch,Olympia,Olympus,Omdurman,Onondaga,Onslaught,Onslow,Ontario,Onyx,Opal,Ophelia,Opossum,Opportune,Oracle,Orange,Orange Tree,Orangeville,Orby,Orcadia,Orchis,Oreste,Orestes,Orford,Orford Ness,Oriana,Oribi,Oriflamme,Orilla,Oriole,Orion,Orissa,Orkan,Orkney,Orlando,Orlionoch,Ormonde,Ornen,Oronoque,Orontes,Oroonoko,Orpheus,Orquijo,Ortenzia,Orwell,Oryx,Osborne,Osiris,Osprey,Ossington,Ossory,Ostend,Ostrich,Oswald,Oswego,Otranto,Otter,Otus,Oudenarde,Oulston,Oundle,Ouragan,Ouse,Overton,Overyssel,Owen,Owen Glendower,Owl,Owners Adventure,Owners Goodwill,Owners Love,Oxford,Oxlip,Pacific,Packahunta,Packington,Pactolus,Padstow,Pagham,Pakenham,Paladin,Palinurus,Pallas,Palliser,Palm Tree,Palma,Palomares,Paluma,Pandora,Pandour,Pangbourne,Panglima,Pansy,Pantaloon,Panther,Papillon,Papua,Paradox,Paragon,Paramour,Parapet,Paris,Parker,Parkes,Parret,Parrot,Parrsboro,Parry Sound,Parthian,Partridge,Pasley,Pat Barton,Pathan,Pathfinder,Patrician,Patrick,Patriot,Patrol,Patroller,Patton,Paul,Paulina,Pauncey,Paz,Peace,Peacock,Peard,Pearl,Pearlen,Pedro,Pegase,Pegasus,Peggy,Pelargonium,Pelican,Pellew,Pelorus,Pelter,Pembroke,Penang,Pendennis,Penelope,Penetang,Penguin,Penlee Point,Penn,Pennywort,Pentstemon,Penston,Penylan,Penzance,Peony,Pera,Perdrix,Peregrine,Perim,Periwinkle,Perlen,Perseus,Perseverance,Persian,Persimmon,Persistent,Pert,Perth,Peruvian,Pesaquid,Pet,Petard,Peter Pomegranate,Peter,Peterborough,Peterel,Peterell,Peterhead,Peterman,Petersfield,Petersham,Petrel,Petrolla,Petulant,Petunia,Peyton,Phaeton,Pheasant,Philip,Philip & Mary,Phillimore,Philoctetes,Philomel,Phipps,Phlegethon,Phlox,Phoebe,Phoenix,Phosphorus,Pickle,Picotee,Picton,Pictou,Piemontaise,Piercer,Pigeon,Pigmy,Pigot,Pike,Pilchard,Pilford,Pilot,Pilote,Pimpernel,Pincher,Pineham,Pink,Pinner,Pintail,Pioneer,Piorun,Pique,Pirie,Pirouette,Pitcairn,Pitt,Pittington,Placentia,Planet,Plantagenet,Plassy,Platypus,Plessisville,Plover,Plucky,Plumper,Plumpton,Pluto,Plym,Plymouth,Pocahontas,Pochard,Podargus,Poictiers,Pointe Claire,Polacca,Polar Circle,Polaris,Polecat,Pollington,Pollux,Polperro,Polruan,Polsham,Polyanthus,Polyphemus,Pomona,Pomone,Pompee,Pondicherry,Pontypool,Poole,Popham,Popinjay,Poppy,Porcupine,Porgey,Porlock,Porpoise,Port Antonio,Port Arthur,Port Colborne,Port d'Espagne,Port Hope,Port Mahon,Port Morant,Port Royal,Port Wespagne,Portage,Portcullis,Porthleven,Portia,Portisham,Portland,Portland Bill,Porto,Portreath,Portsmouth,Portsmouth Shallop,Portway,Poseidon,Post,Postboy,Postillion,Potentilla,Poulette,Poulmic,Pouncer,Poundmaker,Powderham,Powerful,Pozarica,Premier,Prescott,President,Prestatyn,Preston,Prestonian,Prevention,Prevost,Prevoyante,Primrose,Primula,Prince,Princessa,Princesse,Privet,Prize,Procris,Proctor,Prodigal,Progresso,Prohibition,Project,Prometheus,Prompt,Prompte,Proselyte,Proserpine,Prosperity,Prospero,Prosperous,Protea,Protector,Proteus,Prothee,Providence,Provo,Prowse,Prudent,Prudente,Psyche,Puck,Puckeridge,Puffin,Puissant,Pulham,Pultusk,Puma,Pumba,Puncher,Puncheston,Punjab,Punjabi,Punjaub,Puntoone,Pursuer,Puttenham,Pyl,Pylades,Pyramus,Pyrrhus,Pytchley,Python,Quadra,Quadrant,Quadrille,Quail,Quainton,Quaker,Qualicum,Quality,Quantock,Quebec,Queen,Queenborough,Quentin,Quesnel,Quest,Quiberon,Quickmatch,Quilliam,Quinte,Quittance,Quorn,Racehorse,Racer,Rachel,Rackham,Racoon,Radiant,Radstock,Raglan,Raider,Rainbow,Raisonnable,Rajah,Rajputana,Raleigh,Rambler,Ramillies,Rampisham,Ramsey,Ranchi,Ranee,Ranelagh,Ranger,Ranpura,Rapid,Rapide,Raposa,Rattle,Rattler,Rattlesnake,Ravager,Raven,Rawalpindi,Reading,Ready,Reaper,Rebecca,Reclaim,Recovery,Recruit,Red Lion,Redbreast,Redbridge,Redcar,Redgauntlet,Redmill,Redoubt,Redoubtable,Redpole,Reedham,Regent,Regulus,Reindeer,Relentless,Reliance,Renard,Renascent,Rendlesham,Renegade,Renommee,Renonculus,Renown,Republican,Repulse,Research,Reserve,Resistance,Resolue,Resolute,Resolution,Resource,Restoration,Restless,Retalick,Retribution,Retriever,Reunion,Revenge,Révolutionnaire,Reward,Reyna,Reynard,Rhin,Rhododendron,Rhona,Rhyl,Ribble,Richmond,Rifleman,Rigorous,Rinaldo,Ringarooma,Ringdove,Riou,Ripley,Riplingham,Rippon,Riviera,Rivoli,Rob Roy,Roberts,Robin,Robust,Roc,Rochester,Rochfort,Rocket,Rockingham,Rockrose,Rocksand,Rockwood,Rodney,Roebuck,Roedean,Rolla,Roman,Romney,Romola,Romula,Romulus,Rook,Rooke,Rorqual,Rosalind,Rosamund,Rosario,Rosaura,Rose,Rosebay,Rosebush,Rosemary,Ross,Rother,Rotherham,Rothesay,Rover,Rowena,Rowley,Roxborough,Roxburgh,Royalist,Ruby,Rugby,Ruler,Rupert,Russell,Rutherford,Rye,Ryde,Sabine,Sable,Sabre,Sabrina,Sacrett,Safari,Safeguard,Safety,Saga,Sahib,Saladin,Salamine,Salamander,Saldanha,Salisbury,Salmon,Saltash,Salvia,Samarang,Samphire,Sampson,Samson,Sandfly,Sandown,Sandwich,Sanguine,Sans Pareil,Sapphire,Sappho,Saracen,Sarawak,Sardine,Sardonyx,Sarpedon,Sartine,Satellite,Saturn,Satyr,Saumarez,Savage,Saxifrage,Saxlingham,Scarab,Scarborough,Sceptre,Scimitar,Scipio,Scipion,Scorcher,Scorpion,Scotsman,Scotstoun,Scott,Scourge,Scout,Scylla,Scythe,Scythian,Seabear,Seadog,Seafire,Seaflower,Seaford,Seaforth,Seagull,Seahawk,Seahorse,Seal,Sealark,Sealion,Seamew,Searcher,Seawolf,Security,Seine,Selby,Selene,Selkirk,Senator,Senegal,Seneschal,Sennen,Sentinel,Sepoy,Seraph,Serapis,Serene,Seringapatam,Serpent,Sesame,Sesostris,Setter,Seven Sisters,Seven Stars,Sevenoaks,Severn,Seychelles,Seymour,Shah,Shakespeare,Shalford,Shalimar,Shamrock,Shannon,Shark,Sharke,Sharpshooter,Shearwater,Sheerness,Sheffield,Sheldrake,Shelanagig,Shemara,Shepperton,Shikari,Shipham,Shoreham,Shrewsbury,Shrivenham,Shropshire,Sibyl,Sickle,Sidlesham,Sidon,Sikh,Silvio,Simbang,Simoom,Simoon,Sirdar,Siren,Sirene,Sirius,Siskin,Skate,Skilful,Skipjack,Skirmisher,Skylark,Sladen,Slaney,Sleuth,Sligo,Slinger,Slothany,Sluys,Smilax,Smiter,Snaefell,Snake,Snap,Snapdragon,Snapper,Snipe,Snowberry,Snowdrop,Snowflake,Snowshoe,Sobieski,Solebay,Solent,Solitaire,Somali,Somaliland,Somerset,Somme,Sophia,Sophie,Sorceress,Southampton,Southdown,Southern Prince,Southwold,Sovereign,Spanker,Sparham,Spark,Sparkler,Sparrow,Sparrowhawk,Spartan,Spartiate,Speaker,Spear,Spearfish,Spearhead,Speedwell,Speedy,Spence,Spencer,Spenser,Spey,Sphinx,Sphynx,Spider,Spikenard,Spindrift,Spiraea,Spirit,Spiteful,Spitfire,Splendid,Sportive,Sportsman,Spragee,Sprightly,Springbank,Springbok,Springer,Spur,Spy,Squirrel,Stag,Stalker,Stalwart,Standard,Stanley,Star,Starr,Starfish,Starling,Starwort,Stately,Statesman,Statice,Staunch,Stayner,Steadfast,Steady,Stedham,Sterlet,Sterling,Stevenstone,Stockham,Stoic,Stonecrop,Stonehenge,Stork,Storm,Stormcloud,Stour,Strafford,Stratagem,Strathella,Strenuous,Striker,Stromboli,Strombolo,Strongbow,Stronghold,Stuart,Stubborn,Stubbington,Sturdy,Sturgeon,Stygian,Subtle,Success,Success Hulk,Suffolk,Sulham,Sulphur,Sultan,Sultana,Sunderland,Sundew,Sunfish,Sunflower,Superb,Superbe,Superieure,Supply,Supreme,Surf,Surinam,Surly,Surprise,Surprize,Surveillante,Sussex,Sutherland,Sutlej,Suva,Swaggerer,Swale,Swallow,Swan,Swann,Sweetbriar,Swift,Swiftsure,Swindon,Swinger,Swordfish,Swordsman,Sybille,Sycamore,Syeren,Sylph,Sylvia,Syren,Syrtis,Tabard,Taciturn,Tactician,Taff,Taiaroa,Tain,Taku,Talavera,Talbot,Talent,Talisman,Tally-Ho,Talybont,Tamar,Tamarisk,Tanatside,Tancred,Tang,Tanganyika,Tantalus,Tantivy,Tapageur,Tapir,Tara,Tarlton,Tarn,Tarpon,Tartan,Tartar,Tartarus,Tasman,Tasmania,Tattoo,Taunton,Tauranga,Taurus,Tavistock,Tavy,Tay,Tedworth,Tees,Telegraph,Telemachus,Teme,Temeraire,Tempest,Templar,Temple,Tenacious,Tenacity,Tenby,Tenedos,Teredo,Termagant,Tern,Terpsichore,Terrapin,Terrible,Terror,Test,Tetcott,Tetrarch,Teviot,Teviot Bank,Thais,Thakeham,Thalia,Thames,Thane,Thanet,Thatcham,Theban,The Hinde,Theodocia,Thermopylae,Theseus,Thetis,Thisbe,Thistle,Thor,Thorn,Thornborough,Thornham,Thorough,Thracian,Thrasher,Thrush,Thruster,Thule,Thunder,Thunderbolt,Thunderer,Thyme,Tiara,Tibenham,Tickler,Tiger,Tigre,Tigress,Tigris,Tilbury,Tintagel,Tipperary,Tiptoe,Tirade,Tireless,Titania,Tithonus,Tiverton,Tobago,Tobruk,Token,Tomahawk,Tonbridge,Tongham,Tonnant,Toowoomba,Topaze,Torbay,Torch,Toreador,Tormentor,Tornado,Toronto,Torquay,Torrent,Torrid,Torride,Torridge,Torrington,Tortoise,Tortola,Totem,Totland,Totnes,Tourmaline,Tourterelle,Toutou,Tower,Towey,Towser,Towy,Tracker,Tradewind,Trafalgar,Trailer,Tralee,Transfer,Transit,Transporter,Transylvania,Trave,Traveller,Tredagh,Tremendous,Trenchant,Trent,Trepassey,Tresham,Trespasser,Triad,Trial,Tribune,Tricord,Trident,Trillium,Trimmer,Trincomalee,Trinculo,Trinidad,Tristram,Triton,Triumph,Trojan,Trollope,Tromp,Trompeuse,Tronda,Trooper,Trouncer,Troubridge,Truant,Truculent,Truelove,Trump,Trumpeter,Truncheon,Truro,Trustful,Trusty,Tryall,Trydent,Tryphon,Tryton,Tudor,Tulip,Tumult,Tuna,Turbulent,Turpin,Turquoise,Tuscan,Tutankhamen,Tweed,Twickenham,Tyger,Tyler,Tyne,Tynedale,Tynwald,Tyrant,Tyrian,Ufton,Uganda,Ulex,Ullswater,Ultimatum,Ultor,Ulysses,Umbra,Umpire,Una,Unbeaten,Unbending,Unbridled,Unbroken,Undaunted,Undine,Unicorn,Union,Unique,Unison,Unite,United,Unity,Universal,Unrivalled,Unruffled,Unruly,Unseen,Unshaken,Unsparing,Unswerving,Untamed,Untiring,Upas,Upholder,Uppingham,Upright,Uproar,Upshot,Upstart,Upton,Upward,Urania,Uranie,Urchin,Ure,Urge,Urgent,Ursa,Ursula,Urtica,Usk,Usurper,Uther,Utile,Utmost,Utopia,Utrecht,Valentine,Valeur,Valhalla,Valiant,Valkyrie,Valorous,Vampire,Vancouver,Vandal,Vanessa,Vanguard,Vanity,Vanneau,Vanoc,Vanquisher,Vansittart,Varangian,Variable,Varne,Vascama,Vautour,Vectis,Vega,Vehement,Velox,Vendetta,Venerable,Venetia,Vengeance,Vengeful,Vengeur,Venom,Venomous,Venturer,Venturous,Venus,Verbena,Verdun,Verity,Vernon,Veronica,Versatile,Verulam,Vervain,Vesper,Vesta,Vestal,Vesuve,Vesuvius,Vetch,Veteran,Viceroy,Victor,Victoria,Victorious,Victory,Vidette,Vienna,Vigilant,Vigilante,Vigo,Viking,Ville de Paris,Vimiera,Vimy,Vincejo,Vindex,Vindictive,Violent,Violet,Viper,Vipere,Virago,Virginia,Virginian,Virginie,Virulent,Viscount,Visenda,Vitality,Vittoria,Vivacious,Vivid,Vivien,Vivo,Vixen,Volador,Volage,Volcano,Voltaire,Volunteer,Vortigern,Vox,Voyager,Vulcan,Vulture,Wager,Wagtail,Wahine,Waitemata,Wakeful,Waldegrave,Walker,Walkerton,Wallace,Wallaroo,Wallflower,Walney,Walpole,Walrus,Warmingham,Wanderer,Warrior,Warspite,Warwick,Wasp,Wasperton,Wassenaar,Watchful,Watchman,Watchmoor,Waterhen,Waterloo,Waterwitch,Wave,Waveney,Wear,Weazel,Weazle,Welcome,Welfare,Welland,Wellesley,Wellington,Welshman,Wem,Wennington,Wensleydale,Weser,Wessex,Westcott,Westminster,Wexford,Wexham,Weybourne,Weymouth,Wheatland,Whelp,Whimbrel,Whippingham,Whirlwind,Whitaker,Whitby,Whitehall,Whitehaven,Whiting,Whitley,Whitshed,Whitton,Widgeon,Widnes,Wickieston,Wild Boar,Wild Goose,Wild Swan,Wildfire,Wilhelmina,William & Mary,Willowherb,Wilton,Winchelsea,Winchester,Windflower,Windsor,Wintringham,Wishart,Wistaria,Wiston,Witch,Witherington,Wivenhoe,Wivern,Wizard,Woldingham,Wolf,Wolfe,Wolfhound,Wolsey,Wolverine,Wolverton,Woodbridge Haven,Woodcock,Woodlark,Woodpecker,Woodruff,Woolaston,Woolf,Woolston,Woolwich,Worcester,Worthing,Wotton,Wrangler,Wren,Wrenn,Wrentham,Wrestler,Wryneck,Wulastock,Wyandra,Wye,Wyvern,Xenophon,Yarmouth,Yarnton,Yaxham,Yealmpton,Yeoman,Yeovil,York,Ypres,Zambesi,Zanzibar,Zealandia,Zealand,Zealous,Zebra,Zeebrugge,Zenith,Zenobia,Zephyr